{"cameraMode":{"drawMode":0,"name":"Shaded","section":"Shading Mode"},"sceneLighting":true,"audioPlay":false,"sceneViewState":{"m_AlwaysRefresh":false,"showFog":true,"showSkybox":true,"showFlares":true,"showImageEffects":true,"showParticleSystems":true,"showVisualEffectGraphs":true,"m_FxEnabled":true},"in2DMode":false,"pivot":{"x":-0.00535273551940918,"y":2.0207767486572267,"z":-1.6272156238555909},"rotation":{"x":0.09762798994779587,"y":0.7864676117897034,"z":-0.1287776380777359,"w":0.5961577296257019},"size":0.8660253882408142,"orthographic":false}